{
  "enabled": true,
  "registry_name": "cobalt",
  "rarity": 20,
  "shrub_color": 938421,
  "berry_color": 938421,
  "growth_chance": 15,
  "max_harvested_berries": 4,
  "light_level": 0,
  "max_growth_light": 10,
  "growth_block": "minecraft:netherrack",
  "generation_settings": {
    "dimension": -1,
    "density": 1,
    "min_generation_height": 30,
    "max_generation_height": 128,
    "vein_size": 4,
    "vein_shape": "NORMAL",
    "spawn_biomes": [
      "minecraft:hell"
    ]
  },
  "oredict_result": {
    "oredict_name": "ingotCobalt",
    "crafting_amount": 1,
    "register_ore_recipe": true,
    "recipe_pattern": [
      "***",
      "***",
      "***"
    ]
  }
}