{
  "enabled": true,
  "registry_name": "quartz",
  "rarity": 6,
  "shrub_color": 13879227,
  "berry_color": 13879227,
  "growth_chance": 15,
  "max_harvested_berries": 4,
  "light_level": 0,
  "max_growth_light": 10,
  "growth_block": "minecraft:netherrack",
  "generation_settings": {
    "dimension": -1,
    "density": 1,
    "min_generation_height": 1,
    "max_generation_height": 128,
    "vein_size": 4,
    "vein_shape": "NORMAL",
    "spawn_biomes": [
      "minecraft:hell"
    ]
  },
  "oredict_result": {
    "oredict_name": "gemQuartz",
    "crafting_amount": 1,
    "register_ore_recipe": true,
    "recipe_pattern": [
      "*",
      "*"
    ]
  }
}