{
  "format:8": "2.0.0",
  "questDatabase:9": {
    "0:10": {
      "questID:3": 0,
      "preRequisites:11": [
        1
      ],
      "properties:10": {
        "betterquesting:10": {
          "issilent:1": 0,
          "snd_complete:8": "minecraft:entity.player.levelup",
          "lockedprogress:1": 0,
          "tasklogic:8": "AND",
          "repeattime:3": -1,
          "simultaneous:1": 0,
          "icon:10": {
            "id:8": "galacticraftplanets:thermal_padding",
            "Count:3": 1,
            "Damage:2": 0,
            "OreDict:8": ""
          },
          "globalshare:1": 0,
          "questlogic:8": "AND",
          "partysinglereward:1": 0,
          "snd_update:8": "minecraft:entity.player.levelup",
          "autoclaim:1": 0,
          "ismain:1": 0,
          "name:8": "Thermal",
          "desc:8": "Thermal Padding is a suite of garments made out of an advanced insulating material. The garments are able to keep a player from freezing to death in the cold environments of Outer Space. They are also able to keep the player from suffering heat exhaustion in an overly hot environment.\n\nYou start with enough Thermal Cloth to craft a full set of thermal padding, with 8 spare so that you can replace 1 item if you lose it. If you need more after that, you will have to obtain Wool."
        }
      },
      "tasks:9": {
        "0:10": {
          "partialMatch:1": 1,
          "autoConsume:1": 0,
          "groupDetect:1": 0,
          "ignoreNBT:1": 0,
          "index:3": 0,
          "consume:1": 0,
          "requiredItems:9": {
            "0:10": {
              "id:8": "galacticraftplanets:thermal_padding",
              "Count:3": 1,
              "OreDict:8": "",
              "Damage:3": 0
            },
            "1:10": {
              "id:8": "galacticraftplanets:thermal_padding",
              "Count:3": 1,
              "OreDict:8": "",
              "Damage:3": 1
            },
            "2:10": {
              "id:8": "galacticraftplanets:thermal_padding",
              "Count:3": 1,
              "OreDict:8": "",
              "Damage:3": 2
            },
            "3:10": {
              "id:8": "galacticraftplanets:thermal_padding",
              "Count:3": 1,
              "OreDict:8": "",
              "Damage:3": 3
            }
          },
          "taskID:8": "bq_standard:retrieval"
        }
      },
      "rewards:9": {}
    },
    "1:10": {
      "questID:3": 1,
      "preRequisites:11": [
        33
      ],
      "properties:10": {
        "betterquesting:10": {
          "issilent:1": 0,
          "snd_complete:8": "minecraft:entity.player.levelup",
          "lockedprogress:1": 0,
          "tasklogic:8": "AND",
          "repeattime:3": -1,
          "simultaneous:1": 0,
          "icon:10": {
            "id:8": "galacticraftcore:oxygen_gear",
            "Count:3": 1,
            "Damage:2": 0,
            "OreDict:8": ""
          },
          "globalshare:1": 0,
          "questlogic:8": "AND",
          "partysinglereward:1": 0,
          "snd_update:8": "minecraft:entity.player.levelup",
          "autoclaim:1": 0,
          "ismain:1": 0,
          "name:8": "Oxygen",
          "desc:8": "Once there are no mobs nearby, right-click on the Entry Pod and move into the player inventory: Oxygen Mask, Oxygen Gear, 1 Heavy Oxygen Tank, the wood, the Thermal Cloth, and the Desh Ingots. Quickly switch to the Galacticraft inventory tab, and wear the Oxygen Mask, Oxygen Gear and oxygen tank."
        }
      },
      "tasks:9": {
        "0:10": {
          "partialMatch:1": 1,
          "autoConsume:1": 0,
          "groupDetect:1": 0,
          "ignoreNBT:1": 0,
          "index:3": 0,
          "consume:1": 0,
          "requiredItems:9": {
            "0:10": {
              "id:8": "galacticraftcore:oxygen_mask",
              "Count:3": 1,
              "OreDict:8": "",
              "Damage:3": 0
            },
            "1:10": {
              "id:8": "galacticraftcore:oxygen_gear",
              "Count:3": 1,
              "OreDict:8": "",
              "Damage:3": 0
            },
            "2:10": {
              "id:8": "galacticraftcore:oxygen_tank_heavy_full",
              "Count:3": 1,
              "OreDict:8": "",
              "Damage:3": 0
            }
          },
          "taskID:8": "bq_standard:retrieval"
        }
      },
      "rewards:9": {}
    },
    "2:10": {
      "questID:3": 3,
      "preRequisites:11": [
        1
      ],
      "properties:10": {
        "betterquesting:10": {
          "issilent:1": 0,
          "snd_complete:8": "minecraft:entity.player.levelup",
          "lockedprogress:1": 0,
          "tasklogic:8": "AND",
          "repeattime:3": -1,
          "simultaneous:1": 0,
          "icon:10": {
            "id:8": "galacticraftplanets:desh_pick",
            "Count:3": 1,
            "Damage:2": 0,
            "OreDict:8": ""
          },
          "globalshare:1": 0,
          "questlogic:8": "AND",
          "partysinglereward:1": 0,
          "snd_update:8": "minecraft:entity.player.levelup",
          "autoclaim:1": 0,
          "ismain:1": 0,
          "name:8": "New Quest",
          "desc:8": "No Description"
        }
      },
      "tasks:9": {
        "0:10": {
          "partialMatch:1": 1,
          "autoConsume:1": 0,
          "groupDetect:1": 1,
          "ignoreNBT:1": 0,
          "index:3": 0,
          "consume:1": 0,
          "requiredItems:9": {
            "0:10": {
              "id:8": "minecraft:wooden_pickaxe",
              "Count:3": 1,
              "OreDict:8": "",
              "Damage:3": 0
            },
            "1:10": {
              "id:8": "galacticraftplanets:desh_sword",
              "Count:3": 1,
              "OreDict:8": "",
              "Damage:3": 0
            }
          },
          "taskID:8": "bq_standard:retrieval"
        }
      },
      "rewards:9": {}
    },
    "3:10": {
      "questID:3": 4,
      "preRequisites:11": [
        34
      ],
      "properties:10": {
        "betterquesting:10": {
          "issilent:1": 0,
          "snd_complete:8": "minecraft:entity.player.levelup",
          "lockedprogress:1": 0,
          "tasklogic:8": "AND",
          "repeattime:3": -1,
          "simultaneous:1": 0,
          "icon:10": {
            "id:8": "minecraft:cobblestone",
            "Count:3": 1,
            "Damage:2": 0,
            "OreDict:8": ""
          },
          "globalshare:1": 0,
          "questlogic:8": "AND",
          "partysinglereward:1": 0,
          "snd_update:8": "minecraft:entity.player.levelup",
          "autoclaim:1": 0,
          "ismain:1": 0,
          "name:8": "New Quest",
          "desc:8": "Using thepickaxe, mine a short way down inside the asteroid you are standing on, you are looking to have 2 different types of Asteroid Rock. Once you have a few blocks of 2 different types (which don\u0027t stack), craft them together to make Cobblestone, and make a Stone Pickaxe + a three or four spare Stone Pickaxes as well.\nYou can make cobblestone from crunching together 2 blocks of Asteroid Rock. Note that it must be two different types (colors) of Asteroid Rock."
        }
      },
      "tasks:9": {
        "0:10": {
          "partialMatch:1": 1,
          "autoConsume:1": 0,
          "groupDetect:1": 1,
          "ignoreNBT:1": 0,
          "index:3": 0,
          "consume:1": 0,
          "requiredItems:9": {
            "0:10": {
              "id:8": "minecraft:cobblestone",
              "Count:3": 64,
              "OreDict:8": "",
              "Damage:3": 0
            }
          },
          "taskID:8": "bq_standard:retrieval"
        }
      },
      "rewards:9": {}
    },
    "4:10": {
      "questID:3": 5,
      "preRequisites:11": [
        34
      ],
      "properties:10": {
        "betterquesting:10": {
          "issilent:1": 0,
          "snd_complete:8": "minecraft:entity.player.levelup",
          "lockedprogress:1": 0,
          "tasklogic:8": "AND",
          "repeattime:3": -1,
          "simultaneous:1": 0,
          "icon:10": {
            "id:8": "galacticraftplanets:asteroids_block",
            "Count:3": 1,
            "Damage:2": 1,
            "OreDict:8": ""
          },
          "globalshare:1": 0,
          "questlogic:8": "AND",
          "partysinglereward:1": 0,
          "snd_update:8": "minecraft:entity.player.levelup",
          "autoclaim:1": 0,
          "ismain:1": 0,
          "name:8": "New Quest",
          "desc:8": "You can make cobblestone from crunching together 2 blocks of Asteroid Rock. Note that it must be two different types (colors) of Asteroid Rock."
        }
      },
      "tasks:9": {
        "0:10": {
          "partialMatch:1": 1,
          "autoConsume:1": 0,
          "groupDetect:1": 0,
          "ignoreNBT:1": 0,
          "index:3": 0,
          "consume:1": 0,
          "requiredItems:9": {
            "0:10": {
              "id:8": "galacticraftplanets:asteroids_block",
              "Count:3": 64,
              "OreDict:8": "",
              "Damage:3": 1
            }
          },
          "taskID:8": "bq_standard:retrieval"
        }
      },
      "rewards:9": {}
    },
    "5:10": {
      "questID:3": 6,
      "preRequisites:11": [
        34
      ],
      "properties:10": {
        "betterquesting:10": {
          "issilent:1": 0,
          "snd_complete:8": "minecraft:entity.player.levelup",
          "lockedprogress:1": 0,
          "tasklogic:8": "AND",
          "repeattime:3": -1,
          "simultaneous:1": 0,
          "icon:10": {
            "id:8": "minecraft:ice",
            "Count:3": 1,
            "Damage:2": 0,
            "OreDict:8": ""
          },
          "globalshare:1": 0,
          "questlogic:8": "AND",
          "partysinglereward:1": 0,
          "snd_update:8": "minecraft:entity.player.levelup",
          "autoclaim:1": 0,
          "ismain:1": 0,
          "name:8": "Hollow Asteroids",
          "desc:8": "You are now looking for two things, essential to make any progress: a Hollow Asteroid where you can start farming, and iron ore.\nFor a chance for a Hollow Asteroid you want one whose appearance is pure ice, not mixed rock and ice. Ice asteroids are easy to see because ice is brighter than rock. You will need to craft an axe when you find a Hollow Asteroid"
        }
      },
      "tasks:9": {
        "0:10": {
          "partialMatch:1": 1,
          "autoConsume:1": 0,
          "groupDetect:1": 1,
          "ignoreNBT:1": 0,
          "index:3": 0,
          "consume:1": 0,
          "requiredItems:9": {
            "0:10": {
              "id:8": "minecraft:sapling",
              "Count:3": 16,
              "OreDict:8": "",
              "Damage:3": 0
            }
          },
          "taskID:8": "bq_standard:retrieval"
        }
      },
      "rewards:9": {}
    },
    "6:10": {
      "questID:3": 7,
      "preRequisites:11": [
        4
      ],
      "properties:10": {
        "betterquesting:10": {
          "issilent:1": 0,
          "snd_complete:8": "minecraft:entity.player.levelup",
          "lockedprogress:1": 0,
          "tasklogic:8": "AND",
          "repeattime:3": -1,
          "simultaneous:1": 0,
          "icon:10": {
            "id:8": "minecraft:clay",
            "Count:3": 1,
            "Damage:2": 0,
            "OreDict:8": ""
          },
          "globalshare:1": 0,
          "questlogic:8": "AND",
          "partysinglereward:1": 0,
          "snd_update:8": "minecraft:entity.player.levelup",
          "autoclaim:1": 0,
          "ismain:1": 0,
          "name:8": "New Quest",
          "desc:8": "No Description"
        }
      },
      "tasks:9": {},
      "rewards:9": {}
    },
    "7:10": {
      "questID:3": 8,
      "preRequisites:11": [
        4
      ],
      "properties:10": {
        "betterquesting:10": {
          "issilent:1": 0,
          "snd_complete:8": "minecraft:entity.player.levelup",
          "lockedprogress:1": 0,
          "tasklogic:8": "AND",
          "repeattime:3": -1,
          "simultaneous:1": 0,
          "icon:10": {
            "id:8": "minecraft:gravel",
            "Count:3": 1,
            "Damage:2": 0,
            "OreDict:8": ""
          },
          "globalshare:1": 0,
          "questlogic:8": "AND",
          "partysinglereward:1": 0,
          "snd_update:8": "minecraft:entity.player.levelup",
          "autoclaim:1": 0,
          "ismain:1": 0,
          "name:8": "New Quest",
          "desc:8": "No Description"
        }
      },
      "tasks:9": {},
      "rewards:9": {}
    },
    "8:10": {
      "questID:3": 9,
      "preRequisites:11": [
        5
      ],
      "properties:10": {
        "betterquesting:10": {
          "issilent:1": 0,
          "snd_complete:8": "minecraft:entity.player.levelup",
          "lockedprogress:1": 0,
          "tasklogic:8": "AND",
          "repeattime:3": -1,
          "simultaneous:1": 0,
          "icon:10": {
            "id:8": "galacticraftplanets:asteroids_block",
            "Count:3": 1,
            "Damage:2": 5,
            "OreDict:8": ""
          },
          "globalshare:1": 0,
          "questlogic:8": "AND",
          "partysinglereward:1": 0,
          "snd_update:8": "minecraft:entity.player.levelup",
          "autoclaim:1": 0,
          "ismain:1": 0,
          "name:8": "Getting Iron",
          "desc:8": "Look around to see if you can find any nearby large asteroids. (In the game Options / Video Options, increase your viewing distance if you need to.) Any large asteroid could contain Iron Ore or another valuable ore - the larger it is, the higher the chance."
        }
      },
      "tasks:9": {
        "0:10": {
          "partialMatch:1": 1,
          "autoConsume:1": 0,
          "groupDetect:1": 0,
          "ignoreNBT:1": 0,
          "index:3": 0,
          "consume:1": 0,
          "requiredItems:9": {
            "0:10": {
              "id:8": "minecraft:iron_ingot",
              "Count:3": 10,
              "OreDict:8": "",
              "Damage:3": 0
            }
          },
          "taskID:8": "bq_standard:retrieval"
        }
      },
      "rewards:9": {}
    },
    "9:10": {
      "questID:3": 10,
      "preRequisites:11": [
        6
      ],
      "properties:10": {
        "betterquesting:10": {
          "issilent:1": 0,
          "snd_complete:8": "minecraft:entity.player.levelup",
          "lockedprogress:1": 0,
          "tasklogic:8": "AND",
          "repeattime:3": -1,
          "simultaneous:1": 0,
          "icon:10": {
            "id:8": "minecraft:sapling",
            "Count:3": 1,
            "Damage:2": 0,
            "OreDict:8": ""
          },
          "globalshare:1": 0,
          "questlogic:8": "AND",
          "partysinglereward:1": 0,
          "snd_update:8": "minecraft:entity.player.levelup",
          "autoclaim:1": 0,
          "ismain:1": 0,
          "name:8": "Getting Wood",
          "desc:8": "There are small or medium trees (oak mainly, sometimes birch) inside most Hollow Asteroids. If a Hollow Asteroid has no trees, or you don\u0027t succeed in collecting any saplings from the trees, then you will need to search out a different Hollow Asteroid."
        }
      },
      "tasks:9": {
        "0:10": {
          "partialMatch:1": 1,
          "autoConsume:1": 0,
          "groupDetect:1": 0,
          "ignoreNBT:1": 0,
          "index:3": 0,
          "consume:1": 0,
          "requiredItems:9": {
            "0:10": {
              "id:8": "minecraft:sapling",
              "Count:3": 16,
              "OreDict:8": "",
              "Damage:3": 0
            }
          },
          "taskID:8": "bq_standard:retrieval"
        }
      },
      "rewards:9": {}
    },
    "10:10": {
      "questID:3": 11,
      "preRequisites:11": [
        1
      ],
      "properties:10": {
        "betterquesting:10": {
          "issilent:1": 0,
          "snd_complete:8": "minecraft:entity.player.levelup",
          "lockedprogress:1": 0,
          "tasklogic:8": "AND",
          "repeattime:3": -1,
          "simultaneous:1": 0,
          "icon:10": {
            "id:8": "galacticraftplanets:desh_chestplate",
            "Count:3": 1,
            "Damage:2": 0,
            "OreDict:8": ""
          },
          "globalshare:1": 0,
          "questlogic:8": "AND",
          "partysinglereward:1": 0,
          "snd_update:8": "minecraft:entity.player.levelup",
          "autoclaim:1": 0,
          "ismain:1": 0,
          "name:8": "New Quest",
          "desc:8": "No Description"
        }
      },
      "tasks:9": {
        "0:10": {
          "partialMatch:1": 1,
          "autoConsume:1": 0,
          "groupDetect:1": 1,
          "ignoreNBT:1": 0,
          "index:3": 0,
          "consume:1": 0,
          "requiredItems:9": {
            "0:10": {
              "id:8": "galacticraftplanets:desh_chestplate",
              "Count:3": 1,
              "OreDict:8": "",
              "Damage:3": 0
            }
          },
          "taskID:8": "bq_standard:retrieval"
        }
      },
      "rewards:9": {}
    },
    "11:10": {
      "questID:3": 12,
      "preRequisites:11": [
        4
      ],
      "properties:10": {
        "betterquesting:10": {
          "issilent:1": 0,
          "snd_complete:8": "minecraft:entity.player.levelup",
          "lockedprogress:1": 0,
          "tasklogic:8": "AND",
          "repeattime:3": -1,
          "simultaneous:1": 0,
          "icon:10": {
            "id:8": "minecraft:sand",
            "Count:3": 1,
            "Damage:2": 0,
            "OreDict:8": ""
          },
          "globalshare:1": 0,
          "questlogic:8": "AND",
          "partysinglereward:1": 0,
          "snd_update:8": "minecraft:entity.player.levelup",
          "autoclaim:1": 0,
          "ismain:1": 0,
          "name:8": "New Quest",
          "desc:8": "Sand can be manufactured from Gravel using the Compressor."
        }
      },
      "tasks:9": {
        "0:10": {
          "partialMatch:1": 1,
          "autoConsume:1": 0,
          "groupDetect:1": 1,
          "ignoreNBT:1": 0,
          "index:3": 0,
          "consume:1": 0,
          "requiredItems:9": {
            "0:10": {
              "id:8": "galacticraftcore:oxygen_mask",
              "Count:3": 1,
              "OreDict:8": "",
              "Damage:3": 0
            },
            "1:10": {
              "id:8": "galacticraftcore:oxygen_gear",
              "Count:3": 1,
              "OreDict:8": "",
              "Damage:3": 0
            },
            "2:10": {
              "id:8": "galacticraftcore:oxygen_tank_heavy_full",
              "Count:3": 1,
              "OreDict:8": "",
              "Damage:3": 0
            }
          },
          "taskID:8": "bq_standard:retrieval"
        }
      },
      "rewards:9": {}
    },
    "12:10": {
      "questID:3": 13,
      "preRequisites:11": [
        4
      ],
      "properties:10": {
        "betterquesting:10": {
          "issilent:1": 0,
          "snd_complete:8": "minecraft:entity.player.levelup",
          "lockedprogress:1": 0,
          "tasklogic:8": "AND",
          "repeattime:3": -1,
          "simultaneous:1": 0,
          "icon:10": {
            "id:8": "minecraft:soul_sand",
            "Count:3": 1,
            "Damage:2": 0,
            "OreDict:8": ""
          },
          "globalshare:1": 0,
          "questlogic:8": "AND",
          "partysinglereward:1": 0,
          "snd_update:8": "minecraft:entity.player.levelup",
          "autoclaim:1": 0,
          "ismain:1": 0,
          "name:8": "New Quest",
          "desc:8": "No Description"
        }
      },
      "tasks:9": {},
      "rewards:9": {}
    },
    "13:10": {
      "questID:3": 15,
      "preRequisites:11": [
        34
      ],
      "properties:10": {
        "betterquesting:10": {
          "issilent:1": 0,
          "snd_complete:8": "minecraft:entity.player.levelup",
          "lockedprogress:1": 0,
          "tasklogic:8": "AND",
          "repeattime:3": -1,
          "simultaneous:1": 0,
          "icon:10": {
            "id:8": "thermalfoundation:material",
            "Count:3": 1,
            "Damage:2": 128,
            "OreDict:8": ""
          },
          "globalshare:1": 0,
          "questlogic:8": "AND",
          "partysinglereward:1": 0,
          "snd_update:8": "minecraft:entity.player.levelup",
          "autoclaim:1": 0,
          "ismain:1": 0,
          "name:8": "New Drops",
          "desc:8": "There are a few extra mob drops to help you - eventually - to have resources that are otherwise missing in the Asteroids dimension.\n\nThese are dropped occasionally: not often, but more common than the iron ingot drops from vanilla Zombies:\nEvolved Zombie will sometimes drop a Copper Ingot\nEvolved Skeleton will occasionally drop Lapis Lazuli - Evolved Skeletons like the color blue, who knew?\n\nThese are extra possibilities for rare drops, in addition to the other rare drops already possible for each mob (see each mob\u0027s individual Wiki page for details):\n\nEvolved Zombie has a rare drop of Melon Seeds\nEvolved Skeleton has a rare drop of Pumpkin Seeds\nEvolved Creeper has a rare drop of Sugar Cane\nEvolved Spider has a rare drop of Nether Wart\nAlso ... Endermen spawn in the Asteroids dimension in this modpack!"
        }
      },
      "tasks:9": {
        "0:10": {
          "ignoreNBT:1": 1,
          "index:3": 0,
          "targetNBT:10": {
            "HurtByTimestamp:3": 0,
            "Attributes:9": {
              "0:10": {
                "Base:6": 100.0,
                "Name:8": "cyberware.tolerance"
              },
              "1:10": {
                "Base:6": 20.0,
                "Name:8": "generic.maxHealth"
              },
              "2:10": {
                "Base:6": 0.0,
                "Name:8": "generic.knockbackResistance"
              },
              "3:10": {
                "Base:6": 0.23000000417232513,
                "Name:8": "generic.movementSpeed"
              },
              "4:10": {
                "Base:6": 2.0,
                "Name:8": "generic.armor"
              },
              "5:10": {
                "Base:6": 0.0,
                "Name:8": "generic.armorToughness"
              },
              "6:10": {
                "Base:6": 35.0,
                "Name:8": "generic.followRange"
              },
              "7:10": {
                "Base:6": 3.0,
                "Name:8": "generic.attackDamage"
              },
              "8:10": {
                "Base:6": 0.09807352842792161,
                "Name:8": "zombie.spawnReinforcements"
              }
            },
            "Invulnerable:1": 0,
            "FallFlying:1": 0,
            "PortalCooldown:3": 0,
            "AbsorptionAmount:5": 0.0,
            "FallDistance:5": 0.0,
            "DeathTime:2": 0,
            "ForgeCaps:10": {
              "techguns:deathtype:10": {},
              "wearablebackpacks:backpack:10": {}
            },
            "HandDropChances:9": {
              "0:5": 0.085,
              "1:5": 0.085
            },
            "PersistenceRequired:1": 0,
            "id:8": "minecraft:zombie",
            "Motion:9": {
              "0:6": 0.0,
              "1:6": 0.0,
              "2:6": 0.0
            },
            "Leashed:1": 0,
            "UUIDLeast:4": -7159274609671464404,
            "Health:5": 20.0,
            "LeftHanded:1": 0,
            "Air:2": 300,
            "OnGround:1": 0,
            "Dimension:3": -30,
            "Rotation:9": {
              "0:5": 1.7687473,
              "1:5": 0.0
            },
            "UpdateBlocked:1": 0,
            "HandItems:9": {
              "0:10": {},
              "1:10": {}
            },
            "ArmorDropChances:9": {
              "0:5": 0.085,
              "1:5": 0.085,
              "2:5": 0.085,
              "3:5": 0.085
            },
            "UUIDMost:4": 1189510217321631096,
            "Pos:9": {
              "0:6": 0.0,
              "1:6": 0.0,
              "2:6": 0.0
            },
            "CanBreakDoors:1": 0,
            "Fire:2": -1,
            "ArmorItems:9": {
              "0:10": {},
              "1:10": {},
              "2:10": {},
              "3:10": {}
            },
            "CanPickUpLoot:1": 0,
            "HurtTime:2": 0
          },
          "required:3": 10,
          "taskID:8": "bq_standard:hunt",
          "target:8": "galacticraftcore:evolved_zombie",
          "subtypes:1": 1
        },
        "1:10": {
          "ignoreNBT:1": 1,
          "index:3": 1,
          "targetNBT:10": {},
          "required:3": 10,
          "taskID:8": "bq_standard:hunt",
          "target:8": "galacticraftcore:evolved_skeleton",
          "subtypes:1": 1
        },
        "2:10": {
          "ignoreNBT:1": 1,
          "index:3": 2,
          "targetNBT:10": {},
          "required:3": 10,
          "taskID:8": "bq_standard:hunt",
          "target:8": "galacticraftcore:evolved_spider",
          "subtypes:1": 1
        },
        "3:10": {
          "ignoreNBT:1": 1,
          "index:3": 3,
          "targetNBT:10": {},
          "required:3": 10,
          "taskID:8": "bq_standard:hunt",
          "target:8": "galacticraftcore:evolved_creeper",
          "subtypes:1": 1
        },
        "4:10": {
          "ignoreNBT:1": 1,
          "index:3": 4,
          "targetNBT:10": {},
          "required:3": 10,
          "taskID:8": "bq_standard:hunt",
          "target:8": "galacticraftcore:evolved_enderman",
          "subtypes:1": 1
        }
      },
      "rewards:9": {}
    },
    "14:10": {
      "questID:3": 16,
      "preRequisites:11": [
        15
      ],
      "properties:10": {
        "betterquesting:10": {
          "issilent:1": 0,
          "snd_complete:8": "minecraft:entity.player.levelup",
          "lockedprogress:1": 0,
          "tasklogic:8": "AND",
          "repeattime:3": -1,
          "simultaneous:1": 0,
          "icon:10": {
            "id:8": "minecraft:ice",
            "Count:3": 1,
            "Damage:2": 0,
            "OreDict:8": ""
          },
          "globalshare:1": 0,
          "questlogic:8": "AND",
          "partysinglereward:1": 0,
          "snd_update:8": "minecraft:entity.player.levelup",
          "autoclaim:1": 0,
          "ismain:1": 0,
          "name:8": "New Quest",
          "desc:8": "Ice is also a rare drop from Evolved Creepers, alternatively if you need a lot of it, you would need to mine Dense Ice with a tool with the Silk Touch enchantment, and compress that in the Compressor."
        }
      },
      "tasks:9": {
        "0:10": {
          "partialMatch:1": 1,
          "autoConsume:1": 0,
          "groupDetect:1": 0,
          "ignoreNBT:1": 0,
          "index:3": 0,
          "consume:1": 0,
          "requiredItems:9": {
            "0:10": {
              "id:8": "minecraft:ice",
              "Count:3": 10,
              "OreDict:8": "",
              "Damage:3": 0
            }
          },
          "taskID:8": "bq_standard:retrieval"
        }
      },
      "rewards:9": {}
    },
    "15:10": {
      "questID:3": 17,
      "preRequisites:11": [
        5
      ],
      "properties:10": {
        "betterquesting:10": {
          "issilent:1": 0,
          "snd_complete:8": "minecraft:entity.player.levelup",
          "lockedprogress:1": 0,
          "tasklogic:8": "AND",
          "repeattime:3": -1,
          "simultaneous:1": 0,
          "icon:10": {
            "id:8": "galacticraftplanets:venus",
            "Count:3": 1,
            "Damage:2": 10,
            "OreDict:8": ""
          },
          "globalshare:1": 0,
          "questlogic:8": "AND",
          "partysinglereward:1": 0,
          "snd_update:8": "minecraft:entity.player.levelup",
          "autoclaim:1": 0,
          "ismain:1": 0,
          "name:8": "Getting Silicon",
          "desc:8": "Some large asteroids have solid cores of silicon ore (rare, but a good supply if you can find one - worth getting a Fortune enchantment for)"
        }
      },
      "tasks:9": {
        "0:10": {
          "partialMatch:1": 1,
          "autoConsume:1": 0,
          "groupDetect:1": 0,
          "ignoreNBT:1": 0,
          "index:3": 0,
          "consume:1": 0,
          "requiredItems:9": {
            "0:10": {
              "id:8": "galacticraftcore:basic_item",
              "Count:3": 10,
              "OreDict:8": "",
              "Damage:3": 2
            }
          },
          "taskID:8": "bq_standard:retrieval"
        }
      },
      "rewards:9": {}
    },
    "16:10": {
      "questID:3": 18,
      "preRequisites:11": [
        15
      ],
      "properties:10": {
        "betterquesting:10": {
          "issilent:1": 0,
          "snd_complete:8": "minecraft:entity.player.levelup",
          "lockedprogress:1": 0,
          "tasklogic:8": "AND",
          "repeattime:3": -1,
          "simultaneous:1": 0,
          "icon:10": {
            "id:8": "minecraft:dye",
            "Count:3": 1,
            "Damage:2": 4,
            "OreDict:8": ""
          },
          "globalshare:1": 0,
          "questlogic:8": "AND",
          "partysinglereward:1": 0,
          "snd_update:8": "minecraft:entity.player.levelup",
          "autoclaim:1": 0,
          "ismain:1": 0,
          "name:8": "New Quest",
          "desc:8": "Lapis Lazuli is an occasional drop from Evolved Skeletons, you should not need much of it except to fabricate extra Solar Panels."
        }
      },
      "tasks:9": {
        "0:10": {
          "partialMatch:1": 1,
          "autoConsume:1": 0,
          "groupDetect:1": 0,
          "ignoreNBT:1": 0,
          "index:3": 0,
          "consume:1": 0,
          "requiredItems:9": {
            "0:10": {
              "id:8": "minecraft:dye",
              "Count:3": 10,
              "OreDict:8": "",
              "Damage:3": 4
            }
          },
          "taskID:8": "bq_standard:retrieval"
        }
      },
      "rewards:9": {}
    },
    "17:10": {
      "questID:3": 19,
      "preRequisites:11": [
        15
      ],
      "properties:10": {
        "betterquesting:10": {
          "issilent:1": 0,
          "snd_complete:8": "minecraft:entity.player.levelup",
          "lockedprogress:1": 0,
          "tasklogic:8": "AND",
          "repeattime:3": -1,
          "simultaneous:1": 0,
          "icon:10": {
            "id:8": "minecraft:redstone",
            "Count:3": 1,
            "Damage:2": 0,
            "OreDict:8": ""
          },
          "globalshare:1": 0,
          "questlogic:8": "AND",
          "partysinglereward:1": 0,
          "snd_update:8": "minecraft:entity.player.levelup",
          "autoclaim:1": 0,
          "ismain:1": 0,
          "name:8": "Getting Redstone",
          "desc:8": "Redstone is dropped by Evolved Creeper on death."
        }
      },
      "tasks:9": {
        "0:10": {
          "partialMatch:1": 1,
          "autoConsume:1": 0,
          "groupDetect:1": 0,
          "ignoreNBT:1": 0,
          "index:3": 0,
          "consume:1": 0,
          "requiredItems:9": {
            "0:10": {
              "id:8": "minecraft:redstone",
              "Count:3": 10,
              "OreDict:8": "",
              "Damage:3": 0
            }
          },
          "taskID:8": "bq_standard:retrieval"
        }
      },
      "rewards:9": {}
    },
    "18:10": {
      "questID:3": 20,
      "preRequisites:11": [
        6
      ],
      "properties:10": {
        "betterquesting:10": {
          "issilent:1": 0,
          "snd_complete:8": "minecraft:entity.player.levelup",
          "lockedprogress:1": 0,
          "tasklogic:8": "AND",
          "repeattime:3": -1,
          "simultaneous:1": 0,
          "icon:10": {
            "id:8": "minecraft:lava_bucket",
            "Count:3": 1,
            "Damage:2": 0,
            "OreDict:8": ""
          },
          "globalshare:1": 0,
          "questlogic:8": "AND",
          "partysinglereward:1": 0,
          "snd_update:8": "minecraft:entity.player.levelup",
          "autoclaim:1": 0,
          "ismain:1": 0,
          "name:8": "New Quest",
          "desc:8": "No Description"
        }
      },
      "tasks:9": {
        "0:10": {
          "partialMatch:1": 1,
          "autoConsume:1": 0,
          "groupDetect:1": 0,
          "ignoreNBT:1": 0,
          "index:3": 0,
          "consume:1": 0,
          "requiredItems:9": {
            "0:10": {
              "id:8": "minecraft:lava_bucket",
              "Count:3": 1,
              "OreDict:8": "",
              "Damage:3": 0
            }
          },
          "taskID:8": "bq_standard:retrieval"
        }
      },
      "rewards:9": {}
    },
    "19:10": {
      "questID:3": 21,
      "preRequisites:11": [
        5
      ],
      "properties:10": {
        "betterquesting:10": {
          "issilent:1": 0,
          "snd_complete:8": "minecraft:entity.player.levelup",
          "lockedprogress:1": 0,
          "tasklogic:8": "AND",
          "repeattime:3": -1,
          "simultaneous:1": 0,
          "icon:10": {
            "id:8": "minecraft:diamond_ore",
            "Count:3": 1,
            "Damage:2": 0,
            "OreDict:8": ""
          },
          "globalshare:1": 0,
          "questlogic:8": "AND",
          "partysinglereward:1": 0,
          "snd_update:8": "minecraft:entity.player.levelup",
          "autoclaim:1": 0,
          "ismain:1": 0,
          "name:8": "New Quest",
          "desc:8": "Some large asteroids have solid cores of diamond ore (rare, but an incredibly rich supply if you can find it - worth getting a Fortune enchantment for)"
        }
      },
      "tasks:9": {},
      "rewards:9": {}
    },
    "20:10": {
      "questID:3": 22,
      "preRequisites:11": [
        15
      ],
      "properties:10": {
        "betterquesting:10": {
          "issilent:1": 0,
          "snd_complete:8": "minecraft:entity.player.levelup",
          "lockedprogress:1": 0,
          "tasklogic:8": "AND",
          "repeattime:3": -1,
          "simultaneous:1": 0,
          "icon:10": {
            "id:8": "minecraft:wool",
            "Count:3": 1,
            "Damage:2": 0,
            "OreDict:8": ""
          },
          "globalshare:1": 0,
          "questlogic:8": "AND",
          "partysinglereward:1": 0,
          "snd_update:8": "minecraft:entity.player.levelup",
          "autoclaim:1": 0,
          "ismain:1": 0,
          "name:8": "New Quest",
          "desc:8": "Wool can be crafted from string, this is a vanilla recipe. String is dropped by Evolved Spiders."
        }
      },
      "tasks:9": {},
      "rewards:9": {}
    },
    "21:10": {
      "questID:3": 24,
      "preRequisites:11": [
        34
      ],
      "properties:10": {
        "betterquesting:10": {
          "issilent:1": 0,
          "snd_complete:8": "minecraft:entity.player.levelup",
          "lockedprogress:1": 0,
          "tasklogic:8": "AND",
          "repeattime:3": -1,
          "simultaneous:1": 0,
          "icon:10": {
            "id:8": "minecraft:blaze_rod",
            "Count:3": 1,
            "Damage:2": 0,
            "OreDict:8": ""
          },
          "globalshare:1": 0,
          "questlogic:8": "AND",
          "partysinglereward:1": 0,
          "snd_update:8": "minecraft:entity.player.levelup",
          "autoclaim:1": 0,
          "ismain:1": 0,
          "name:8": "New Quest",
          "desc:8": "If an Evolved Creeper is burning when it is killed by the player, it will drop a Blaze Rod. This is difficult to achieve in an airless dimension but not completely impossible."
        }
      },
      "tasks:9": {},
      "rewards:9": {}
    },
    "22:10": {
      "questID:3": 25,
      "preRequisites:11": [
        24
      ],
      "properties:10": {
        "betterquesting:10": {
          "issilent:1": 0,
          "snd_complete:8": "minecraft:entity.player.levelup",
          "lockedprogress:1": 0,
          "tasklogic:8": "AND",
          "repeattime:3": -1,
          "simultaneous:1": 0,
          "icon:10": {
            "id:8": "minecraft:slime_ball",
            "Count:3": 1,
            "Damage:2": 0,
            "OreDict:8": ""
          },
          "globalshare:1": 0,
          "questlogic:8": "AND",
          "partysinglereward:1": 0,
          "snd_update:8": "minecraft:entity.player.levelup",
          "autoclaim:1": 0,
          "ismain:1": 0,
          "name:8": "New Quest",
          "desc:8": "Can be crafted from Cheese Curd (which is a rare drop from an Evolved Spider), sugar cane and green dye. Without cactus, green dye can be made from combining blue dye (Lapis) and yellow dye (from flowers). If you need a large amount of slimeballs - without travelling to the Overworld - you would need to visit the Moon and mine Cheese Ore, or visit Mars and slaughter Slimelings, which is not a very kind way to behave."
        }
      },
      "tasks:9": {},
      "rewards:9": {}
    },
    "23:10": {
      "questID:3": 26,
      "preRequisites:11": [
        24
      ],
      "properties:10": {
        "betterquesting:10": {
          "issilent:1": 0,
          "snd_complete:8": "minecraft:entity.player.levelup",
          "lockedprogress:1": 0,
          "tasklogic:8": "AND",
          "repeattime:3": -1,
          "simultaneous:1": 0,
          "icon:10": {
            "id:8": "minecraft:nether_star",
            "Count:3": 1,
            "Damage:2": 0,
            "OreDict:8": ""
          },
          "globalshare:1": 0,
          "questlogic:8": "AND",
          "partysinglereward:1": 0,
          "snd_update:8": "minecraft:entity.player.levelup",
          "autoclaim:1": 0,
          "ismain:1": 0,
          "name:8": "New Quest",
          "desc:8": "Endermen spawn in the Asteroids dimension in this modpack - they are about as rare as they are on the Overworld."
        }
      },
      "tasks:9": {
        "0:10": {
          "partialMatch:1": 1,
          "autoConsume:1": 0,
          "groupDetect:1": 0,
          "ignoreNBT:1": 0,
          "index:3": 0,
          "consume:1": 0,
          "requiredItems:9": {
            "0:10": {
              "id:8": "minecraft:ender_pearl",
              "Count:3": 1,
              "OreDict:8": "",
              "Damage:3": 0
            }
          },
          "taskID:8": "bq_standard:retrieval"
        }
      },
      "rewards:9": {}
    },
    "24:10": {
      "questID:3": 27,
      "preRequisites:11": [
        3
      ],
      "properties:10": {
        "betterquesting:10": {
          "issilent:1": 0,
          "snd_complete:8": "minecraft:entity.player.levelup",
          "lockedprogress:1": 0,
          "tasklogic:8": "AND",
          "repeattime:3": -1,
          "simultaneous:1": 0,
          "icon:10": {
            "id:8": "galacticraftcore:canister",
            "Count:3": 1,
            "Damage:2": 0,
            "OreDict:8": ""
          },
          "globalshare:1": 0,
          "questlogic:8": "AND",
          "partysinglereward:1": 0,
          "snd_update:8": "minecraft:entity.player.levelup",
          "autoclaim:1": 0,
          "ismain:1": 0,
          "name:8": "New Quest",
          "desc:8": "The only way to replenish your supply is that Evolved Skeletons and Evolved Zombies make rare drops of Tin Canister and Canned Food."
        }
      },
      "tasks:9": {},
      "rewards:9": {}
    },
    "25:10": {
      "questID:3": 28,
      "preRequisites:11": [
        3
      ],
      "properties:10": {
        "betterquesting:10": {
          "issilent:1": 0,
          "snd_complete:8": "minecraft:entity.player.levelup",
          "lockedprogress:1": 0,
          "tasklogic:8": "AND",
          "repeattime:3": -1,
          "simultaneous:1": 0,
          "icon:10": {
            "id:8": "galacticraftcore:basic_item",
            "Count:3": 1,
            "Damage:2": 4,
            "OreDict:8": ""
          },
          "globalshare:1": 0,
          "questlogic:8": "AND",
          "partysinglereward:1": 0,
          "snd_update:8": "minecraft:entity.player.levelup",
          "autoclaim:1": 0,
          "ismain:1": 0,
          "name:8": "Tin Ingots",
          "desc:8": "Tin is in very limited supply: smelting a Tin Canister produces 3 Tin Ingots. (This is in contrast to the Moon and Mars where tin is abundant.)"
        }
      },
      "tasks:9": {},
      "rewards:9": {}
    },
    "26:10": {
      "questID:3": 29,
      "preRequisites:11": [
        3
      ],
      "properties:10": {
        "betterquesting:10": {
          "issilent:1": 0,
          "snd_complete:8": "minecraft:entity.player.levelup",
          "lockedprogress:1": 0,
          "tasklogic:8": "AND",
          "repeattime:3": -1,
          "simultaneous:1": 0,
          "icon:10": {
            "id:8": "galacticraftplanets:item_basic_mars",
            "Count:3": 1,
            "Damage:2": 2,
            "OreDict:8": ""
          },
          "globalshare:1": 0,
          "questlogic:8": "AND",
          "partysinglereward:1": 0,
          "snd_update:8": "minecraft:entity.player.levelup",
          "autoclaim:1": 0,
          "ismain:1": 0,
          "name:8": "New Quest",
          "desc:8": "You start out with 16 ingots, these cannot be replaced unless you travel to Mars."
        }
      },
      "tasks:9": {},
      "rewards:9": {}
    },
    "27:10": {
      "questID:3": 30,
      "preRequisites:11": [
        5
      ],
      "properties:10": {
        "betterquesting:10": {
          "issilent:1": 0,
          "snd_complete:8": "minecraft:entity.player.levelup",
          "lockedprogress:1": 0,
          "tasklogic:8": "AND",
          "repeattime:3": -1,
          "simultaneous:1": 0,
          "icon:10": {
            "id:8": "galacticraftplanets:asteroids_block",
            "Count:3": 1,
            "Damage:2": 4,
            "OreDict:8": ""
          },
          "globalshare:1": 0,
          "questlogic:8": "AND",
          "partysinglereward:1": 0,
          "snd_update:8": "minecraft:entity.player.levelup",
          "autoclaim:1": 0,
          "ismain:1": 0,
          "name:8": "Titanium",
          "desc:8": "Some large asteroids have Ilmenite Ore which can be used to obtain Titanium, note you will need a diamond pickaxe or better, to mine it."
        }
      },
      "tasks:9": {},
      "rewards:9": {}
    },
    "28:10": {
      "questID:3": 31,
      "preRequisites:11": [
        1
      ],
      "properties:10": {
        "betterquesting:10": {
          "issilent:1": 0,
          "snd_complete:8": "minecraft:entity.player.levelup",
          "lockedprogress:1": 0,
          "tasklogic:8": "AND",
          "repeattime:3": -1,
          "simultaneous:1": 0,
          "icon:10": {
            "id:8": "minecraft:coal",
            "Count:3": 1,
            "Damage:2": 0,
            "OreDict:8": ""
          },
          "globalshare:1": 0,
          "questlogic:8": "AND",
          "partysinglereward:1": 0,
          "snd_update:8": "minecraft:entity.player.levelup",
          "autoclaim:1": 0,
          "ismain:1": 0,
          "name:8": "New Quest",
          "desc:8": "Coal can be manufactured in the Compressor out of Charcoal, so it is unlimited if you have a tree farm."
        }
      },
      "tasks:9": {},
      "rewards:9": {}
    },
    "29:10": {
      "questID:3": 32,
      "preRequisites:11": [
        6
      ],
      "properties:10": {
        "betterquesting:10": {
          "issilent:1": 0,
          "snd_complete:8": "minecraft:entity.player.levelup",
          "lockedprogress:1": 0,
          "tasklogic:8": "AND",
          "repeattime:3": -1,
          "simultaneous:1": 0,
          "icon:10": {
            "id:8": "minecraft:water_bucket",
            "Count:3": 1,
            "Damage:2": 0,
            "OreDict:8": ""
          },
          "globalshare:1": 0,
          "questlogic:8": "AND",
          "partysinglereward:1": 0,
          "snd_update:8": "minecraft:entity.player.levelup",
          "autoclaim:1": 0,
          "ismain:1": 0,
          "name:8": "New Quest",
          "desc:8": "Either make this from Ice, or search for a Hollow Asteroid which contains a pool of water - around 1 in 5 will contain a pool."
        }
      },
      "tasks:9": {},
      "rewards:9": {}
    },
    "30:10": {
      "questID:3": 33,
      "preRequisites:11": [],
      "properties:10": {
        "betterquesting:10": {
          "issilent:1": 0,
          "snd_complete:8": "minecraft:entity.player.levelup",
          "lockedprogress:1": 0,
          "tasklogic:8": "AND",
          "repeattime:3": -1,
          "simultaneous:1": 0,
          "icon:10": {
            "id:8": "minecraft:book",
            "Count:3": 1,
            "Damage:2": 0,
            "OreDict:8": ""
          },
          "globalshare:1": 0,
          "questlogic:8": "AND",
          "partysinglereward:1": 0,
          "snd_update:8": "minecraft:entity.player.levelup",
          "autoclaim:1": 0,
          "ismain:1": 0,
          "name:8": "Starting Out (Guide)",
          "desc:8": "While inside the Entry Pod you will not take damage from lack of oxygen or from cold. Summon up your courage, and exit the Entry Pod.\nIf there are hostile mobs nearby, it\u0027s best not to take any items yet, just try to punch the mobs to death (alternatively, push them off the asteroid). Even if you die quite a few times, you will respawn next to the Entry Pod with full health so it doesn\u0027t matter.\nAt this point, Evolved Creepers are your friend - they mine Asteroid Rock for you.\nOnce there are no mobs nearby, right-click on the Entry Pod and move into the player inventory: Oxygen Mask, Oxygen Gear, 1 Heavy Oxygen Tank, the wood, the Thermal Cloth, and the Desh Ingots. Quickly switch to the Galacticraft inventory tab, and wear the Oxygen Mask, Oxygen Gear and oxygen tank.\nUse 4 wood to craft a Crafting Table, 2 wood to craft sticks, and 2 Desh ingots to craft a Desh stick.\nCraft the following: a full set of Thermal Padding (and wear it immediately). 1 wood pickaxe, 1 Desh Sword, 1 Desh Chestplate. Wear the Desh Chestplate. Return the rest of the wood, Desh ingots, and Thermal Cloth to the Entry Pod, it will be safe in there. (Pro tip: Thermal Helm, Leggings and Boots can be crafted quickly by laying out 16 Thermal Cloth in the crafting grid in the pattern made by the three recipes super-imposed, then Shift-Click three times.)\nThere are other options for what you can craft out of the Desh Ingots - for example, 16 ingots could make either 2 pieces of Desh armor (Chestplate + Boots is best) and a sword, or it could be Helmet, Desh Pickaxe and a sword - or you could stay with a stone sword for now. The Desh Pickaxe has a higher harvest level than diamond, so it can mine any Ilmenite or Diamond Ore you find, which could be handy if you find those before you have diamond / iron tools. This might also allow you to skip the wooden and stone picks stage for a luxury start."
        }
      },
      "tasks:9": {
        "0:10": {
          "posX:3": 0,
          "posY:3": 0,
          "posZ:3": 0,
          "visible:1": 0,
          "name:8": "Starting Out",
          "range:3": -1,
          "index:3": 0,
          "dimension:3": -30,
          "taskID:8": "bq_standard:location",
          "hideInfo:1": 0
        }
      },
      "rewards:9": {}
    },
    "31:10": {
      "questID:3": 34,
      "preRequisites:11": [
        3
      ],
      "properties:10": {
        "betterquesting:10": {
          "issilent:1": 0,
          "snd_complete:8": "minecraft:entity.player.levelup",
          "lockedprogress:1": 0,
          "tasklogic:8": "AND",
          "repeattime:3": -1,
          "simultaneous:1": 0,
          "icon:10": {
            "id:8": "minecraft:book",
            "Count:3": 1,
            "Damage:2": 0,
            "OreDict:8": ""
          },
          "globalshare:1": 0,
          "questlogic:8": "AND",
          "partysinglereward:1": 0,
          "snd_update:8": "minecraft:entity.player.levelup",
          "autoclaim:1": 0,
          "ismain:1": 0,
          "name:8": "First steps (Guide)",
          "desc:8": "Using the wooden pickaxe, mine a short way down inside the asteroid you are standing on, you are looking to have 2 different types of Asteroid Rock. Once you have a few blocks of 2 different types (which don\u0027t stack), craft them together to make Cobblestone, and make a Stone Pickaxe + a three or four spare Stone Pickaxes as well.\nMine 2 stacks of Asteroid Rock, you will use this to build bridges to other Asteroids.\nYou are now looking for two things, essential to make any progress: a Hollow Asteroid where you can start farming, and iron ore.\nLook around to see if you can find any nearby large asteroids. (In the game Options / Video Options, increase your viewing distance if you need to.) Any large asteroid could contain Iron Ore or another valuable ore - the larger it is, the higher the chance. For a chance for a Hollow Asteroid you want one whose appearance is pure ice, not mixed rock and ice. Ice asteroids are easy to see because ice is brighter than rock.\nNote down the exact co-ordinates of your current location where the Entry Pod is - it will be tough to find it again later if you don\u0027t.\nBring with you: sword, spare pickaxes, crafting table, spare wood (because you might need another pickaxe, and you will need to craft an axe when you find that Hollow Asteroid), all the food, 1 Canister of Liquid Oxygen, 1 Basic Wafer, and the Cryogenic Chamber."
        }
      },
      "tasks:9": {},
      "rewards:9": {}
    }
  },
  "questLines:9": {
    "0:10": {
      "quests:9": {
        "0:10": {
          "size:3": 24,
          "x:3": -36,
          "y:3": 30,
          "id:3": 0
        },
        "1:10": {
          "size:3": 24,
          "x:3": -36,
          "y:3": 0,
          "id:3": 1
        },
        "2:10": {
          "size:3": 24,
          "x:3": -6,
          "y:3": 0,
          "id:3": 3
        },
        "3:10": {
          "size:3": 24,
          "x:3": 84,
          "y:3": 0,
          "id:3": 4
        },
        "4:10": {
          "size:3": 24,
          "x:3": 54,
          "y:3": 0,
          "id:3": 5
        },
        "5:10": {
          "size:3": 24,
          "x:3": 114,
          "y:3": 0,
          "id:3": 6
        },
        "6:10": {
          "size:3": 24,
          "x:3": 84,
          "y:3": 90,
          "id:3": 7
        },
        "7:10": {
          "size:3": 24,
          "x:3": 84,
          "y:3": 30,
          "id:3": 8
        },
        "8:10": {
          "size:3": 24,
          "x:3": 54,
          "y:3": 30,
          "id:3": 9
        },
        "9:10": {
          "size:3": 24,
          "x:3": 114,
          "y:3": 30,
          "id:3": 10
        },
        "10:10": {
          "size:3": 24,
          "x:3": -36,
          "y:3": 60,
          "id:3": 11
        },
        "11:10": {
          "size:3": 24,
          "x:3": 84,
          "y:3": 60,
          "id:3": 12
        },
        "12:10": {
          "size:3": 24,
          "x:3": 84,
          "y:3": 120,
          "id:3": 13
        },
        "13:10": {
          "size:3": 24,
          "x:3": 144,
          "y:3": 0,
          "id:3": 15
        },
        "14:10": {
          "size:3": 24,
          "x:3": 144,
          "y:3": 90,
          "id:3": 16
        },
        "15:10": {
          "size:3": 24,
          "x:3": 54,
          "y:3": 60,
          "id:3": 17
        },
        "16:10": {
          "size:3": 24,
          "x:3": 144,
          "y:3": 60,
          "id:3": 18
        },
        "17:10": {
          "size:3": 24,
          "x:3": 144,
          "y:3": 30,
          "id:3": 19
        },
        "18:10": {
          "size:3": 24,
          "x:3": 114,
          "y:3": 60,
          "id:3": 20
        },
        "19:10": {
          "size:3": 24,
          "x:3": 54,
          "y:3": 90,
          "id:3": 21
        },
        "20:10": {
          "size:3": 24,
          "x:3": 144,
          "y:3": 120,
          "id:3": 22
        },
        "21:10": {
          "size:3": 24,
          "x:3": 174,
          "y:3": 0,
          "id:3": 24
        },
        "22:10": {
          "size:3": 24,
          "x:3": 174,
          "y:3": 30,
          "id:3": 25
        },
        "23:10": {
          "size:3": 24,
          "x:3": 174,
          "y:3": 60,
          "id:3": 26
        },
        "24:10": {
          "size:3": 24,
          "x:3": -6,
          "y:3": 90,
          "id:3": 27
        },
        "25:10": {
          "size:3": 24,
          "x:3": -6,
          "y:3": 60,
          "id:3": 28
        },
        "26:10": {
          "size:3": 24,
          "x:3": -6,
          "y:3": 30,
          "id:3": 29
        },
        "27:10": {
          "size:3": 24,
          "x:3": 54,
          "y:3": 120,
          "id:3": 30
        },
        "28:10": {
          "size:3": 24,
          "x:3": -36,
          "y:3": 90,
          "id:3": 31
        },
        "29:10": {
          "size:3": 24,
          "x:3": 114,
          "y:3": 90,
          "id:3": 32
        },
        "30:10": {
          "size:3": 24,
          "x:3": -66,
          "y:3": 0,
          "id:3": 33
        },
        "31:10": {
          "size:3": 24,
          "x:3": 24,
          "y:3": 0,
          "id:3": 34
        }
      },
      "lineID:3": 0,
      "properties:10": {
        "betterquesting:10": {
          "name:8": "Surviving Space",
          "bg_image:8": "",
          "bg_size:3": 256,
          "desc:8": "No Description"
        }
      },
      "order:3": 0
    }
  },
  "questSettings:10": {
    "betterquesting:10": {
      "livesdef:3": 3,
      "home_anchor_y:5": 0.0,
      "livesmax:3": 10,
      "home_anchor_x:5": 0.5,
      "editmode:1": 1,
      "hardcore:1": 0,
      "home_image:8": "betterquesting:textures/gui/default_title.png",
      "home_offset_x:3": -128,
      "home_offset_y:3": 0
    }
  }
}