<!-->
	<Recipe timeRequired="NUMBER" power="NUMBER">
		<input>
			<fluidStack>FLUID NAME SIZE</fluidStack>
			<itemStack>ITEM_NAME SIZE META</itemStack>
			<oreDict>OREDICT_NAME SIZE</oreDict>
        </input>
		<output>
			<fluidStack>FLUID_NAME SIZE</fluidStack>
			<itemStack>ITEM_NAME SIZE META</itemStack>
			<oreDict>OREDICT_NAME SIZE</oreDict>
		</output>
	</Recipe>
	
	Can have Multiple In/Outputs
	Some Machines can only Accept either Fluids or Items
	
	timeRequired="NUMBER"	how long a Recipe takes, Unit is in Ticks.
	power="NUMBER" how much Power the Recipes takes per Tick. Unit is in RF.
	
	The "useDefault" attribute will prevent loading of recipes if set to "false"
<!-->
<Recipes useDefault="true">
	<Recipe timeRequired="40" power ="20">
		<input>
			<itemStack>advancedrocketry:carbonscrubbercartridge 1 32767</itemStack>
		</input>
		<output>
			<itemStack>advancedrocketry:carbonscrubbercartridge</itemStack>
			<itemStack>minecraft:coal 1 1</itemStack>
		</output>
	</Recipe>
	<Recipe timeRequired="100" power ="1">
		<input>
			<itemStack>minecraft:bone</itemStack>
			<fluidStack>nitrogen 10</fluidStack>
		</input>
		<output>
			<itemStack>minecraft:dye 5 15</itemStack>
		</output>
	</Recipe>
	<Recipe timeRequired="100" power ="10">
		<input>
			<fluidStack>oxygen 10</fluidStack>
			<fluidStack>hydrogen 10</fluidStack>
		</input>
		<output>
			<fluidStack>rocketfuel 20</fluidStack>
		</output>
	</Recipe>
	<Recipe timeRequired="100" power ="10">
		<input>
			<itemStack>minecraft:leather_helmet</itemStack>
			<oreDict>gemDiamond</oreDict>
		</input>
		<output>
			<itemStack>minecraft:leather_helmet</itemStack>
		</output>
	</Recipe>
	<Recipe timeRequired="100" power ="10">
		<input>
			<itemStack>minecraft:leather_chestplate</itemStack>
			<oreDict>gemDiamond</oreDict>
			<itemStack>advancedrocketry:pressuretank 1 3</itemStack>
		</input>
		<output>
			<itemStack>minecraft:leather_chestplate</itemStack>
		</output>
	</Recipe>
	<Recipe timeRequired="100" power ="10">
		<input>
			<itemStack>minecraft:leather_leggings</itemStack>
			<oreDict>gemDiamond</oreDict>
		</input>
		<output>
			<itemStack>minecraft:leather_leggings</itemStack>
		</output>
	</Recipe>
	<Recipe timeRequired="100" power ="10">
		<input>
			<itemStack>minecraft:leather_boots</itemStack>
			<oreDict>gemDiamond</oreDict>
		</input>
		<output>
			<itemStack>minecraft:leather_boots</itemStack>
		</output>
	</Recipe>
	<Recipe timeRequired="100" power ="10">
		<input>
			<itemStack>minecraft:chainmail_helmet</itemStack>
			<oreDict>gemDiamond</oreDict>
		</input>
		<output>
			<itemStack>minecraft:chainmail_helmet</itemStack>
		</output>
	</Recipe>
	<Recipe timeRequired="100" power ="10">
		<input>
			<itemStack>minecraft:chainmail_chestplate</itemStack>
			<oreDict>gemDiamond</oreDict>
			<itemStack>advancedrocketry:pressuretank 1 3</itemStack>
		</input>
		<output>
			<itemStack>minecraft:chainmail_chestplate</itemStack>
		</output>
	</Recipe>
	<Recipe timeRequired="100" power ="10">
		<input>
			<itemStack>minecraft:chainmail_leggings</itemStack>
			<oreDict>gemDiamond</oreDict>
		</input>
		<output>
			<itemStack>minecraft:chainmail_leggings</itemStack>
		</output>
	</Recipe>
	<Recipe timeRequired="100" power ="10">
		<input>
			<itemStack>minecraft:chainmail_boots</itemStack>
			<oreDict>gemDiamond</oreDict>
		</input>
		<output>
			<itemStack>minecraft:chainmail_boots</itemStack>
		</output>
	</Recipe>
	<Recipe timeRequired="100" power ="10">
		<input>
			<itemStack>minecraft:iron_helmet</itemStack>
			<oreDict>gemDiamond</oreDict>
		</input>
		<output>
			<itemStack>minecraft:iron_helmet</itemStack>
		</output>
	</Recipe>
	<Recipe timeRequired="100" power ="10">
		<input>
			<itemStack>minecraft:iron_chestplate</itemStack>
			<oreDict>gemDiamond</oreDict>
			<itemStack>advancedrocketry:pressuretank 1 3</itemStack>
		</input>
		<output>
			<itemStack>minecraft:iron_chestplate</itemStack>
		</output>
	</Recipe>
	<Recipe timeRequired="100" power ="10">
		<input>
			<itemStack>minecraft:iron_leggings</itemStack>
			<oreDict>gemDiamond</oreDict>
		</input>
		<output>
			<itemStack>minecraft:iron_leggings</itemStack>
		</output>
	</Recipe>
	<Recipe timeRequired="100" power ="10">
		<input>
			<itemStack>minecraft:iron_boots</itemStack>
			<oreDict>gemDiamond</oreDict>
		</input>
		<output>
			<itemStack>minecraft:iron_boots</itemStack>
		</output>
	</Recipe>
	<Recipe timeRequired="100" power ="10">
		<input>
			<itemStack>minecraft:diamond_helmet</itemStack>
			<oreDict>gemDiamond</oreDict>
		</input>
		<output>
			<itemStack>minecraft:diamond_helmet</itemStack>
		</output>
	</Recipe>
	<Recipe timeRequired="100" power ="10">
		<input>
			<itemStack>minecraft:diamond_chestplate</itemStack>
			<oreDict>gemDiamond</oreDict>
			<itemStack>advancedrocketry:pressuretank 1 3</itemStack>
		</input>
		<output>
			<itemStack>minecraft:diamond_chestplate</itemStack>
		</output>
	</Recipe>
	<Recipe timeRequired="100" power ="10">
		<input>
			<itemStack>minecraft:diamond_leggings</itemStack>
			<oreDict>gemDiamond</oreDict>
		</input>
		<output>
			<itemStack>minecraft:diamond_leggings</itemStack>
		</output>
	</Recipe>
	<Recipe timeRequired="100" power ="10">
		<input>
			<itemStack>minecraft:diamond_boots</itemStack>
			<oreDict>gemDiamond</oreDict>
		</input>
		<output>
			<itemStack>minecraft:diamond_boots</itemStack>
		</output>
	</Recipe>
	<Recipe timeRequired="100" power ="10">
		<input>
			<itemStack>minecraft:golden_helmet</itemStack>
			<oreDict>gemDiamond</oreDict>
		</input>
		<output>
			<itemStack>minecraft:golden_helmet</itemStack>
		</output>
	</Recipe>
	<Recipe timeRequired="100" power ="10">
		<input>
			<itemStack>minecraft:golden_chestplate</itemStack>
			<oreDict>gemDiamond</oreDict>
			<itemStack>advancedrocketry:pressuretank 1 3</itemStack>
		</input>
		<output>
			<itemStack>minecraft:golden_chestplate</itemStack>
		</output>
	</Recipe>
	<Recipe timeRequired="100" power ="10">
		<input>
			<itemStack>minecraft:golden_leggings</itemStack>
			<oreDict>gemDiamond</oreDict>
		</input>
		<output>
			<itemStack>minecraft:golden_leggings</itemStack>
		</output>
	</Recipe>
	<Recipe timeRequired="100" power ="10">
		<input>
			<itemStack>minecraft:golden_boots</itemStack>
			<oreDict>gemDiamond</oreDict>
		</input>
		<output>
			<itemStack>minecraft:golden_boots</itemStack>
		</output>
	</Recipe>
	<Recipe timeRequired="100" power ="10">
		<input>
			<itemStack>thermalfoundation:armor.helmet_copper</itemStack>
			<oreDict>gemDiamond</oreDict>
		</input>
		<output>
			<itemStack>thermalfoundation:armor.helmet_copper</itemStack>
		</output>
	</Recipe>
	<Recipe timeRequired="100" power ="10">
		<input>
			<itemStack>thermalfoundation:armor.plate_copper</itemStack>
			<oreDict>gemDiamond</oreDict>
			<itemStack>advancedrocketry:pressuretank 1 3</itemStack>
		</input>
		<output>
			<itemStack>thermalfoundation:armor.plate_copper</itemStack>
		</output>
	</Recipe>
	<Recipe timeRequired="100" power ="10">
		<input>
			<itemStack>thermalfoundation:armor.legs_copper</itemStack>
			<oreDict>gemDiamond</oreDict>
		</input>
		<output>
			<itemStack>thermalfoundation:armor.legs_copper</itemStack>
		</output>
	</Recipe>
	<Recipe timeRequired="100" power ="10">
		<input>
			<itemStack>thermalfoundation:armor.boots_copper</itemStack>
			<oreDict>gemDiamond</oreDict>
		</input>
		<output>
			<itemStack>thermalfoundation:armor.boots_copper</itemStack>
		</output>
	</Recipe>
	<Recipe timeRequired="100" power ="10">
		<input>
			<itemStack>thermalfoundation:armor.helmet_tin</itemStack>
			<oreDict>gemDiamond</oreDict>
		</input>
		<output>
			<itemStack>thermalfoundation:armor.helmet_tin</itemStack>
		</output>
	</Recipe>
	<Recipe timeRequired="100" power ="10">
		<input>
			<itemStack>thermalfoundation:armor.plate_tin</itemStack>
			<oreDict>gemDiamond</oreDict>
			<itemStack>advancedrocketry:pressuretank 1 3</itemStack>
		</input>
		<output>
			<itemStack>thermalfoundation:armor.plate_tin</itemStack>
		</output>
	</Recipe>
	<Recipe timeRequired="100" power ="10">
		<input>
			<itemStack>thermalfoundation:armor.legs_tin</itemStack>
			<oreDict>gemDiamond</oreDict>
		</input>
		<output>
			<itemStack>thermalfoundation:armor.legs_tin</itemStack>
		</output>
	</Recipe>
	<Recipe timeRequired="100" power ="10">
		<input>
			<itemStack>thermalfoundation:armor.boots_tin</itemStack>
			<oreDict>gemDiamond</oreDict>
		</input>
		<output>
			<itemStack>thermalfoundation:armor.boots_tin</itemStack>
		</output>
	</Recipe>
	<Recipe timeRequired="100" power ="10">
		<input>
			<itemStack>thermalfoundation:armor.helmet_silver</itemStack>
			<oreDict>gemDiamond</oreDict>
		</input>
		<output>
			<itemStack>thermalfoundation:armor.helmet_silver</itemStack>
		</output>
	</Recipe>
	<Recipe timeRequired="100" power ="10">
		<input>
			<itemStack>thermalfoundation:armor.plate_silver</itemStack>
			<oreDict>gemDiamond</oreDict>
			<itemStack>advancedrocketry:pressuretank 1 3</itemStack>
		</input>
		<output>
			<itemStack>thermalfoundation:armor.plate_silver</itemStack>
		</output>
	</Recipe>
	<Recipe timeRequired="100" power ="10">
		<input>
			<itemStack>thermalfoundation:armor.legs_silver</itemStack>
			<oreDict>gemDiamond</oreDict>
		</input>
		<output>
			<itemStack>thermalfoundation:armor.legs_silver</itemStack>
		</output>
	</Recipe>
	<Recipe timeRequired="100" power ="10">
		<input>
			<itemStack>thermalfoundation:armor.boots_silver</itemStack>
			<oreDict>gemDiamond</oreDict>
		</input>
		<output>
			<itemStack>thermalfoundation:armor.boots_silver</itemStack>
		</output>
	</Recipe>
	<Recipe timeRequired="100" power ="10">
		<input>
			<itemStack>thermalfoundation:armor.helmet_lead</itemStack>
			<oreDict>gemDiamond</oreDict>
		</input>
		<output>
			<itemStack>thermalfoundation:armor.helmet_lead</itemStack>
		</output>
	</Recipe>
	<Recipe timeRequired="100" power ="10">
		<input>
			<itemStack>thermalfoundation:armor.plate_lead</itemStack>
			<oreDict>gemDiamond</oreDict>
			<itemStack>advancedrocketry:pressuretank 1 3</itemStack>
		</input>
		<output>
			<itemStack>thermalfoundation:armor.plate_lead</itemStack>
		</output>
	</Recipe>
	<Recipe timeRequired="100" power ="10">
		<input>
			<itemStack>thermalfoundation:armor.legs_lead</itemStack>
			<oreDict>gemDiamond</oreDict>
		</input>
		<output>
			<itemStack>thermalfoundation:armor.legs_lead</itemStack>
		</output>
	</Recipe>
	<Recipe timeRequired="100" power ="10">
		<input>
			<itemStack>thermalfoundation:armor.boots_lead</itemStack>
			<oreDict>gemDiamond</oreDict>
		</input>
		<output>
			<itemStack>thermalfoundation:armor.boots_lead</itemStack>
		</output>
	</Recipe>
	<Recipe timeRequired="100" power ="10">
		<input>
			<itemStack>thermalfoundation:armor.helmet_aluminum</itemStack>
			<oreDict>gemDiamond</oreDict>
		</input>
		<output>
			<itemStack>thermalfoundation:armor.helmet_aluminum</itemStack>
		</output>
	</Recipe>
	<Recipe timeRequired="100" power ="10">
		<input>
			<itemStack>thermalfoundation:armor.plate_aluminum</itemStack>
			<oreDict>gemDiamond</oreDict>
			<itemStack>advancedrocketry:pressuretank 1 3</itemStack>
		</input>
		<output>
			<itemStack>thermalfoundation:armor.plate_aluminum</itemStack>
		</output>
	</Recipe>
	<Recipe timeRequired="100" power ="10">
		<input>
			<itemStack>thermalfoundation:armor.legs_aluminum</itemStack>
			<oreDict>gemDiamond</oreDict>
		</input>
		<output>
			<itemStack>thermalfoundation:armor.legs_aluminum</itemStack>
		</output>
	</Recipe>
	<Recipe timeRequired="100" power ="10">
		<input>
			<itemStack>thermalfoundation:armor.boots_aluminum</itemStack>
			<oreDict>gemDiamond</oreDict>
		</input>
		<output>
			<itemStack>thermalfoundation:armor.boots_aluminum</itemStack>
		</output>
	</Recipe>
	<Recipe timeRequired="100" power ="10">
		<input>
			<itemStack>thermalfoundation:armor.helmet_nickel</itemStack>
			<oreDict>gemDiamond</oreDict>
		</input>
		<output>
			<itemStack>thermalfoundation:armor.helmet_nickel</itemStack>
		</output>
	</Recipe>
	<Recipe timeRequired="100" power ="10">
		<input>
			<itemStack>thermalfoundation:armor.plate_nickel</itemStack>
			<oreDict>gemDiamond</oreDict>
			<itemStack>advancedrocketry:pressuretank 1 3</itemStack>
		</input>
		<output>
			<itemStack>thermalfoundation:armor.plate_nickel</itemStack>
		</output>
	</Recipe>
	<Recipe timeRequired="100" power ="10">
		<input>
			<itemStack>thermalfoundation:armor.legs_nickel</itemStack>
			<oreDict>gemDiamond</oreDict>
		</input>
		<output>
			<itemStack>thermalfoundation:armor.legs_nickel</itemStack>
		</output>
	</Recipe>
	<Recipe timeRequired="100" power ="10">
		<input>
			<itemStack>thermalfoundation:armor.boots_nickel</itemStack>
			<oreDict>gemDiamond</oreDict>
		</input>
		<output>
			<itemStack>thermalfoundation:armor.boots_nickel</itemStack>
		</output>
	</Recipe>
	<Recipe timeRequired="100" power ="10">
		<input>
			<itemStack>thermalfoundation:armor.helmet_platinum</itemStack>
			<oreDict>gemDiamond</oreDict>
		</input>
		<output>
			<itemStack>thermalfoundation:armor.helmet_platinum</itemStack>
		</output>
	</Recipe>
	<Recipe timeRequired="100" power ="10">
		<input>
			<itemStack>thermalfoundation:armor.plate_platinum</itemStack>
			<oreDict>gemDiamond</oreDict>
			<itemStack>advancedrocketry:pressuretank 1 3</itemStack>
		</input>
		<output>
			<itemStack>thermalfoundation:armor.plate_platinum</itemStack>
		</output>
	</Recipe>
	<Recipe timeRequired="100" power ="10">
		<input>
			<itemStack>thermalfoundation:armor.legs_platinum</itemStack>
			<oreDict>gemDiamond</oreDict>
		</input>
		<output>
			<itemStack>thermalfoundation:armor.legs_platinum</itemStack>
		</output>
	</Recipe>
	<Recipe timeRequired="100" power ="10">
		<input>
			<itemStack>thermalfoundation:armor.boots_platinum</itemStack>
			<oreDict>gemDiamond</oreDict>
		</input>
		<output>
			<itemStack>thermalfoundation:armor.boots_platinum</itemStack>
		</output>
	</Recipe>
	<Recipe timeRequired="100" power ="10">
		<input>
			<itemStack>thermalfoundation:armor.helmet_steel</itemStack>
			<oreDict>gemDiamond</oreDict>
		</input>
		<output>
			<itemStack>thermalfoundation:armor.helmet_steel</itemStack>
		</output>
	</Recipe>
	<Recipe timeRequired="100" power ="10">
		<input>
			<itemStack>thermalfoundation:armor.plate_steel</itemStack>
			<oreDict>gemDiamond</oreDict>
			<itemStack>advancedrocketry:pressuretank 1 3</itemStack>
		</input>
		<output>
			<itemStack>thermalfoundation:armor.plate_steel</itemStack>
		</output>
	</Recipe>
	<Recipe timeRequired="100" power ="10">
		<input>
			<itemStack>thermalfoundation:armor.legs_steel</itemStack>
			<oreDict>gemDiamond</oreDict>
		</input>
		<output>
			<itemStack>thermalfoundation:armor.legs_steel</itemStack>
		</output>
	</Recipe>
	<Recipe timeRequired="100" power ="10">
		<input>
			<itemStack>thermalfoundation:armor.boots_steel</itemStack>
			<oreDict>gemDiamond</oreDict>
		</input>
		<output>
			<itemStack>thermalfoundation:armor.boots_steel</itemStack>
		</output>
	</Recipe>
	<Recipe timeRequired="100" power ="10">
		<input>
			<itemStack>thermalfoundation:armor.helmet_electrum</itemStack>
			<oreDict>gemDiamond</oreDict>
		</input>
		<output>
			<itemStack>thermalfoundation:armor.helmet_electrum</itemStack>
		</output>
	</Recipe>
	<Recipe timeRequired="100" power ="10">
		<input>
			<itemStack>thermalfoundation:armor.plate_electrum</itemStack>
			<oreDict>gemDiamond</oreDict>
			<itemStack>advancedrocketry:pressuretank 1 3</itemStack>
		</input>
		<output>
			<itemStack>thermalfoundation:armor.plate_electrum</itemStack>
		</output>
	</Recipe>
	<Recipe timeRequired="100" power ="10">
		<input>
			<itemStack>thermalfoundation:armor.legs_electrum</itemStack>
			<oreDict>gemDiamond</oreDict>
		</input>
		<output>
			<itemStack>thermalfoundation:armor.legs_electrum</itemStack>
		</output>
	</Recipe>
	<Recipe timeRequired="100" power ="10">
		<input>
			<itemStack>thermalfoundation:armor.boots_electrum</itemStack>
			<oreDict>gemDiamond</oreDict>
		</input>
		<output>
			<itemStack>thermalfoundation:armor.boots_electrum</itemStack>
		</output>
	</Recipe>
	<Recipe timeRequired="100" power ="10">
		<input>
			<itemStack>thermalfoundation:armor.helmet_invar</itemStack>
			<oreDict>gemDiamond</oreDict>
		</input>
		<output>
			<itemStack>thermalfoundation:armor.helmet_invar</itemStack>
		</output>
	</Recipe>
	<Recipe timeRequired="100" power ="10">
		<input>
			<itemStack>thermalfoundation:armor.plate_invar</itemStack>
			<oreDict>gemDiamond</oreDict>
			<itemStack>advancedrocketry:pressuretank 1 3</itemStack>
		</input>
		<output>
			<itemStack>thermalfoundation:armor.plate_invar</itemStack>
		</output>
	</Recipe>
	<Recipe timeRequired="100" power ="10">
		<input>
			<itemStack>thermalfoundation:armor.legs_invar</itemStack>
			<oreDict>gemDiamond</oreDict>
		</input>
		<output>
			<itemStack>thermalfoundation:armor.legs_invar</itemStack>
		</output>
	</Recipe>
	<Recipe timeRequired="100" power ="10">
		<input>
			<itemStack>thermalfoundation:armor.boots_invar</itemStack>
			<oreDict>gemDiamond</oreDict>
		</input>
		<output>
			<itemStack>thermalfoundation:armor.boots_invar</itemStack>
		</output>
	</Recipe>
	<Recipe timeRequired="100" power ="10">
		<input>
			<itemStack>thermalfoundation:armor.helmet_bronze</itemStack>
			<oreDict>gemDiamond</oreDict>
		</input>
		<output>
			<itemStack>thermalfoundation:armor.helmet_bronze</itemStack>
		</output>
	</Recipe>
	<Recipe timeRequired="100" power ="10">
		<input>
			<itemStack>thermalfoundation:armor.plate_bronze</itemStack>
			<oreDict>gemDiamond</oreDict>
			<itemStack>advancedrocketry:pressuretank 1 3</itemStack>
		</input>
		<output>
			<itemStack>thermalfoundation:armor.plate_bronze</itemStack>
		</output>
	</Recipe>
	<Recipe timeRequired="100" power ="10">
		<input>
			<itemStack>thermalfoundation:armor.legs_bronze</itemStack>
			<oreDict>gemDiamond</oreDict>
		</input>
		<output>
			<itemStack>thermalfoundation:armor.legs_bronze</itemStack>
		</output>
	</Recipe>
	<Recipe timeRequired="100" power ="10">
		<input>
			<itemStack>thermalfoundation:armor.boots_bronze</itemStack>
			<oreDict>gemDiamond</oreDict>
		</input>
		<output>
			<itemStack>thermalfoundation:armor.boots_bronze</itemStack>
		</output>
	</Recipe>
	<Recipe timeRequired="100" power ="10">
		<input>
			<itemStack>thermalfoundation:armor.helmet_constantan</itemStack>
			<oreDict>gemDiamond</oreDict>
		</input>
		<output>
			<itemStack>thermalfoundation:armor.helmet_constantan</itemStack>
		</output>
	</Recipe>
	<Recipe timeRequired="100" power ="10">
		<input>
			<itemStack>thermalfoundation:armor.plate_constantan</itemStack>
			<oreDict>gemDiamond</oreDict>
			<itemStack>advancedrocketry:pressuretank 1 3</itemStack>
		</input>
		<output>
			<itemStack>thermalfoundation:armor.plate_constantan</itemStack>
		</output>
	</Recipe>
	<Recipe timeRequired="100" power ="10">
		<input>
			<itemStack>thermalfoundation:armor.legs_constantan</itemStack>
			<oreDict>gemDiamond</oreDict>
		</input>
		<output>
			<itemStack>thermalfoundation:armor.legs_constantan</itemStack>
		</output>
	</Recipe>
	<Recipe timeRequired="100" power ="10">
		<input>
			<itemStack>thermalfoundation:armor.boots_constantan</itemStack>
			<oreDict>gemDiamond</oreDict>
		</input>
		<output>
			<itemStack>thermalfoundation:armor.boots_constantan</itemStack>
		</output>
	</Recipe>
	<Recipe timeRequired="100" power ="10">
		<input>
			<itemStack>opencomputers:hoverboots</itemStack>
			<oreDict>gemDiamond</oreDict>
		</input>
		<output>
			<itemStack>opencomputers:hoverboots</itemStack>
		</output>
	</Recipe>
	<Recipe timeRequired="100" power ="10">
		<input>
			<itemStack>openblocks:sonic_glasses</itemStack>
			<oreDict>gemDiamond</oreDict>
		</input>
		<output>
			<itemStack>openblocks:sonic_glasses</itemStack>
		</output>
	</Recipe>
	<Recipe timeRequired="100" power ="10">
		<input>
			<itemStack>openblocks:pencil_glasses</itemStack>
			<oreDict>gemDiamond</oreDict>
		</input>
		<output>
			<itemStack>openblocks:pencil_glasses</itemStack>
		</output>
	</Recipe>
	<Recipe timeRequired="100" power ="10">
		<input>
			<itemStack>openblocks:crayon_glasses</itemStack>
			<oreDict>gemDiamond</oreDict>
		</input>
		<output>
			<itemStack>openblocks:crayon_glasses</itemStack>
		</output>
	</Recipe>
	<Recipe timeRequired="100" power ="10">
		<input>
			<itemStack>openblocks:technicolor_glasses</itemStack>
			<oreDict>gemDiamond</oreDict>
		</input>
		<output>
			<itemStack>openblocks:technicolor_glasses</itemStack>
		</output>
	</Recipe>
	<Recipe timeRequired="100" power ="10">
		<input>
			<itemStack>openblocks:serious_glasses</itemStack>
			<oreDict>gemDiamond</oreDict>
		</input>
		<output>
			<itemStack>openblocks:serious_glasses</itemStack>
		</output>
	</Recipe>
	<Recipe timeRequired="100" power ="10">
		<input>
			<itemStack>openblocks:crane_backpack</itemStack>
			<oreDict>gemDiamond</oreDict>
			<itemStack>advancedrocketry:pressuretank 1 3</itemStack>
		</input>
		<output>
			<itemStack>openblocks:crane_backpack</itemStack>
		</output>
	</Recipe>
	<Recipe timeRequired="100" power ="10">
		<input>
			<itemStack>openblocks:sleeping_bag</itemStack>
			<oreDict>gemDiamond</oreDict>
			<itemStack>advancedrocketry:pressuretank 1 3</itemStack>
		</input>
		<output>
			<itemStack>openblocks:sleeping_bag</itemStack>
		</output>
	</Recipe>
	<Recipe timeRequired="100" power ="10">
		<input>
			<itemStack>redstonearsenal:armor.helmet_flux</itemStack>
			<oreDict>gemDiamond</oreDict>
		</input>
		<output>
			<itemStack>redstonearsenal:armor.helmet_flux</itemStack>
		</output>
	</Recipe>
	<Recipe timeRequired="100" power ="10">
		<input>
			<itemStack>redstonearsenal:armor.plate_flux</itemStack>
			<oreDict>gemDiamond</oreDict>
			<itemStack>advancedrocketry:pressuretank 1 3</itemStack>
		</input>
		<output>
			<itemStack>redstonearsenal:armor.plate_flux</itemStack>
		</output>
	</Recipe>
	<Recipe timeRequired="100" power ="10">
		<input>
			<itemStack>redstonearsenal:armor.legs_flux</itemStack>
			<oreDict>gemDiamond</oreDict>
		</input>
		<output>
			<itemStack>redstonearsenal:armor.legs_flux</itemStack>
		</output>
	</Recipe>
	<Recipe timeRequired="100" power ="10">
		<input>
			<itemStack>redstonearsenal:armor.boots_flux</itemStack>
			<oreDict>gemDiamond</oreDict>
		</input>
		<output>
			<itemStack>redstonearsenal:armor.boots_flux</itemStack>
		</output>
	</Recipe>
	<Recipe timeRequired="100" power ="10">
		<input>
			<itemStack>simplyjetpacks:itemjetpack</itemStack>
			<oreDict>gemDiamond</oreDict>
			<itemStack>advancedrocketry:pressuretank 1 3</itemStack>
		</input>
		<output>
			<itemStack>simplyjetpacks:itemjetpack</itemStack>
		</output>
	</Recipe>
	<Recipe timeRequired="100" power ="10">
		<input>
			<itemStack>simplyjetpacks:itemfluxpack</itemStack>
			<oreDict>gemDiamond</oreDict>
			<itemStack>advancedrocketry:pressuretank 1 3</itemStack>
		</input>
		<output>
			<itemStack>simplyjetpacks:itemfluxpack</itemStack>
		</output>
	</Recipe>
	<Recipe timeRequired="100" power ="10">
		<input>
			<itemStack>techguns:t1_combat_helmet</itemStack>
			<oreDict>gemDiamond</oreDict>
		</input>
		<output>
			<itemStack>techguns:t1_combat_helmet</itemStack>
		</output>
	</Recipe>
	<Recipe timeRequired="100" power ="10">
		<input>
			<itemStack>techguns:t1_combat_chestplate</itemStack>
			<oreDict>gemDiamond</oreDict>
			<itemStack>advancedrocketry:pressuretank 1 3</itemStack>
		</input>
		<output>
			<itemStack>techguns:t1_combat_chestplate</itemStack>
		</output>
	</Recipe>
	<Recipe timeRequired="100" power ="10">
		<input>
			<itemStack>techguns:t1_combat_leggings</itemStack>
			<oreDict>gemDiamond</oreDict>
		</input>
		<output>
			<itemStack>techguns:t1_combat_leggings</itemStack>
		</output>
	</Recipe>
	<Recipe timeRequired="100" power ="10">
		<input>
			<itemStack>techguns:t1_combat_boots</itemStack>
			<oreDict>gemDiamond</oreDict>
		</input>
		<output>
			<itemStack>techguns:t1_combat_boots</itemStack>
		</output>
	</Recipe>
	<Recipe timeRequired="100" power ="10">
		<input>
			<itemStack>techguns:t1_scout_helmet</itemStack>
			<oreDict>gemDiamond</oreDict>
		</input>
		<output>
			<itemStack>techguns:t1_scout_helmet</itemStack>
		</output>
	</Recipe>
	<Recipe timeRequired="100" power ="10">
		<input>
			<itemStack>techguns:t1_scout_chestplate</itemStack>
			<oreDict>gemDiamond</oreDict>
			<itemStack>advancedrocketry:pressuretank 1 3</itemStack>
		</input>
		<output>
			<itemStack>techguns:t1_scout_chestplate</itemStack>
		</output>
	</Recipe>
	<Recipe timeRequired="100" power ="10">
		<input>
			<itemStack>techguns:t1_scout_leggings</itemStack>
			<oreDict>gemDiamond</oreDict>
		</input>
		<output>
			<itemStack>techguns:t1_scout_leggings</itemStack>
		</output>
	</Recipe>
	<Recipe timeRequired="100" power ="10">
		<input>
			<itemStack>techguns:t1_scout_boots</itemStack>
			<oreDict>gemDiamond</oreDict>
		</input>
		<output>
			<itemStack>techguns:t1_scout_boots</itemStack>
		</output>
	</Recipe>
	<Recipe timeRequired="100" power ="10">
		<input>
			<itemStack>techguns:t1_miner_helmet</itemStack>
			<oreDict>gemDiamond</oreDict>
		</input>
		<output>
			<itemStack>techguns:t1_miner_helmet</itemStack>
		</output>
	</Recipe>
	<Recipe timeRequired="100" power ="10">
		<input>
			<itemStack>techguns:t1_miner_chestplate</itemStack>
			<oreDict>gemDiamond</oreDict>
			<itemStack>advancedrocketry:pressuretank 1 3</itemStack>
		</input>
		<output>
			<itemStack>techguns:t1_miner_chestplate</itemStack>
		</output>
	</Recipe>
	<Recipe timeRequired="100" power ="10">
		<input>
			<itemStack>techguns:t1_miner_leggings</itemStack>
			<oreDict>gemDiamond</oreDict>
		</input>
		<output>
			<itemStack>techguns:t1_miner_leggings</itemStack>
		</output>
	</Recipe>
	<Recipe timeRequired="100" power ="10">
		<input>
			<itemStack>techguns:t1_miner_boots</itemStack>
			<oreDict>gemDiamond</oreDict>
		</input>
		<output>
			<itemStack>techguns:t1_miner_boots</itemStack>
		</output>
	</Recipe>
	<Recipe timeRequired="100" power ="10">
		<input>
			<itemStack>techguns:steam_helmet</itemStack>
			<oreDict>gemDiamond</oreDict>
		</input>
		<output>
			<itemStack>techguns:steam_helmet</itemStack>
		</output>
	</Recipe>
	<Recipe timeRequired="100" power ="10">
		<input>
			<itemStack>techguns:steam_chestplate</itemStack>
			<oreDict>gemDiamond</oreDict>
			<itemStack>advancedrocketry:pressuretank 1 3</itemStack>
		</input>
		<output>
			<itemStack>techguns:steam_chestplate</itemStack>
		</output>
	</Recipe>
	<Recipe timeRequired="100" power ="10">
		<input>
			<itemStack>techguns:steam_leggings</itemStack>
			<oreDict>gemDiamond</oreDict>
		</input>
		<output>
			<itemStack>techguns:steam_leggings</itemStack>
		</output>
	</Recipe>
	<Recipe timeRequired="100" power ="10">
		<input>
			<itemStack>techguns:steam_boots</itemStack>
			<oreDict>gemDiamond</oreDict>
		</input>
		<output>
			<itemStack>techguns:steam_boots</itemStack>
		</output>
	</Recipe>
	<Recipe timeRequired="100" power ="10">
		<input>
			<itemStack>techguns:t2_combat_helmet</itemStack>
			<oreDict>gemDiamond</oreDict>
		</input>
		<output>
			<itemStack>techguns:t2_combat_helmet</itemStack>
		</output>
	</Recipe>
	<Recipe timeRequired="100" power ="10">
		<input>
			<itemStack>techguns:t2_combat_chestplate</itemStack>
			<oreDict>gemDiamond</oreDict>
			<itemStack>advancedrocketry:pressuretank 1 3</itemStack>
		</input>
		<output>
			<itemStack>techguns:t2_combat_chestplate</itemStack>
		</output>
	</Recipe>
	<Recipe timeRequired="100" power ="10">
		<input>
			<itemStack>techguns:t2_combat_leggings</itemStack>
			<oreDict>gemDiamond</oreDict>
		</input>
		<output>
			<itemStack>techguns:t2_combat_leggings</itemStack>
		</output>
	</Recipe>
	<Recipe timeRequired="100" power ="10">
		<input>
			<itemStack>techguns:t2_combat_boots</itemStack>
			<oreDict>gemDiamond</oreDict>
		</input>
		<output>
			<itemStack>techguns:t2_combat_boots</itemStack>
		</output>
	</Recipe>
	<Recipe timeRequired="100" power ="10">
		<input>
			<itemStack>techguns:t2_commando_helmet</itemStack>
			<oreDict>gemDiamond</oreDict>
		</input>
		<output>
			<itemStack>techguns:t2_commando_helmet</itemStack>
		</output>
	</Recipe>
	<Recipe timeRequired="100" power ="10">
		<input>
			<itemStack>techguns:t2_commando_chestplate</itemStack>
			<oreDict>gemDiamond</oreDict>
			<itemStack>advancedrocketry:pressuretank 1 3</itemStack>
		</input>
		<output>
			<itemStack>techguns:t2_commando_chestplate</itemStack>
		</output>
	</Recipe>
	<Recipe timeRequired="100" power ="10">
		<input>
			<itemStack>techguns:t2_commando_leggings</itemStack>
			<oreDict>gemDiamond</oreDict>
		</input>
		<output>
			<itemStack>techguns:t2_commando_leggings</itemStack>
		</output>
	</Recipe>
	<Recipe timeRequired="100" power ="10">
		<input>
			<itemStack>techguns:t2_commando_boots</itemStack>
			<oreDict>gemDiamond</oreDict>
		</input>
		<output>
			<itemStack>techguns:t2_commando_boots</itemStack>
		</output>
	</Recipe>
	<Recipe timeRequired="100" power ="10">
		<input>
			<itemStack>techguns:t2_riot_helmet</itemStack>
			<oreDict>gemDiamond</oreDict>
		</input>
		<output>
			<itemStack>techguns:t2_riot_helmet</itemStack>
		</output>
	</Recipe>
	<Recipe timeRequired="100" power ="10">
		<input>
			<itemStack>techguns:t2_riot_chestplate</itemStack>
			<oreDict>gemDiamond</oreDict>
			<itemStack>advancedrocketry:pressuretank 1 3</itemStack>
		</input>
		<output>
			<itemStack>techguns:t2_riot_chestplate</itemStack>
		</output>
	</Recipe>
	<Recipe timeRequired="100" power ="10">
		<input>
			<itemStack>techguns:t2_riot_leggings</itemStack>
			<oreDict>gemDiamond</oreDict>
		</input>
		<output>
			<itemStack>techguns:t2_riot_leggings</itemStack>
		</output>
	</Recipe>
	<Recipe timeRequired="100" power ="10">
		<input>
			<itemStack>techguns:t2_riot_boots</itemStack>
			<oreDict>gemDiamond</oreDict>
		</input>
		<output>
			<itemStack>techguns:t2_riot_boots</itemStack>
		</output>
	</Recipe>
	<Recipe timeRequired="100" power ="10">
		<input>
			<itemStack>techguns:t3_combat_helmet</itemStack>
			<oreDict>gemDiamond</oreDict>
		</input>
		<output>
			<itemStack>techguns:t3_combat_helmet</itemStack>
		</output>
	</Recipe>
	<Recipe timeRequired="100" power ="10">
		<input>
			<itemStack>techguns:t3_combat_chestplate</itemStack>
			<oreDict>gemDiamond</oreDict>
			<itemStack>advancedrocketry:pressuretank 1 3</itemStack>
		</input>
		<output>
			<itemStack>techguns:t3_combat_chestplate</itemStack>
		</output>
	</Recipe>
	<Recipe timeRequired="100" power ="10">
		<input>
			<itemStack>techguns:t3_combat_leggings</itemStack>
			<oreDict>gemDiamond</oreDict>
		</input>
		<output>
			<itemStack>techguns:t3_combat_leggings</itemStack>
		</output>
	</Recipe>
	<Recipe timeRequired="100" power ="10">
		<input>
			<itemStack>techguns:t3_combat_boots</itemStack>
			<oreDict>gemDiamond</oreDict>
		</input>
		<output>
			<itemStack>techguns:t3_combat_boots</itemStack>
		</output>
	</Recipe>
	<Recipe timeRequired="100" power ="10">
		<input>
			<itemStack>techguns:t3_power_helmet</itemStack>
			<oreDict>gemDiamond</oreDict>
		</input>
		<output>
			<itemStack>techguns:t3_power_helmet</itemStack>
		</output>
	</Recipe>
	<Recipe timeRequired="100" power ="10">
		<input>
			<itemStack>techguns:t3_power_chestplate</itemStack>
			<oreDict>gemDiamond</oreDict>
			<itemStack>advancedrocketry:pressuretank 1 3</itemStack>
		</input>
		<output>
			<itemStack>techguns:t3_power_chestplate</itemStack>
		</output>
	</Recipe>
	<Recipe timeRequired="100" power ="10">
		<input>
			<itemStack>techguns:t3_power_leggings</itemStack>
			<oreDict>gemDiamond</oreDict>
		</input>
		<output>
			<itemStack>techguns:t3_power_leggings</itemStack>
		</output>
	</Recipe>
	<Recipe timeRequired="100" power ="10">
		<input>
			<itemStack>techguns:t3_power_boots</itemStack>
			<oreDict>gemDiamond</oreDict>
		</input>
		<output>
			<itemStack>techguns:t3_power_boots</itemStack>
		</output>
	</Recipe>
	<Recipe timeRequired="100" power ="10">
		<input>
			<itemStack>techguns:t3_miner_helmet</itemStack>
			<oreDict>gemDiamond</oreDict>
		</input>
		<output>
			<itemStack>techguns:t3_miner_helmet</itemStack>
		</output>
	</Recipe>
	<Recipe timeRequired="100" power ="10">
		<input>
			<itemStack>techguns:t3_miner_chestplate</itemStack>
			<oreDict>gemDiamond</oreDict>
			<itemStack>advancedrocketry:pressuretank 1 3</itemStack>
		</input>
		<output>
			<itemStack>techguns:t3_miner_chestplate</itemStack>
		</output>
	</Recipe>
	<Recipe timeRequired="100" power ="10">
		<input>
			<itemStack>techguns:t3_miner_leggings</itemStack>
			<oreDict>gemDiamond</oreDict>
		</input>
		<output>
			<itemStack>techguns:t3_miner_leggings</itemStack>
		</output>
	</Recipe>
	<Recipe timeRequired="100" power ="10">
		<input>
			<itemStack>techguns:t3_miner_boots</itemStack>
			<oreDict>gemDiamond</oreDict>
		</input>
		<output>
			<itemStack>techguns:t3_miner_boots</itemStack>
		</output>
	</Recipe>
	<Recipe timeRequired="100" power ="10">
		<input>
			<itemStack>techguns:t3_exo_helmet</itemStack>
			<oreDict>gemDiamond</oreDict>
		</input>
		<output>
			<itemStack>techguns:t3_exo_helmet</itemStack>
		</output>
	</Recipe>
	<Recipe timeRequired="100" power ="10">
		<input>
			<itemStack>techguns:t3_exo_chestplate</itemStack>
			<oreDict>gemDiamond</oreDict>
			<itemStack>advancedrocketry:pressuretank 1 3</itemStack>
		</input>
		<output>
			<itemStack>techguns:t3_exo_chestplate</itemStack>
		</output>
	</Recipe>
	<Recipe timeRequired="100" power ="10">
		<input>
			<itemStack>techguns:t3_exo_leggings</itemStack>
			<oreDict>gemDiamond</oreDict>
		</input>
		<output>
			<itemStack>techguns:t3_exo_leggings</itemStack>
		</output>
	</Recipe>
	<Recipe timeRequired="100" power ="10">
		<input>
			<itemStack>techguns:t3_exo_boots</itemStack>
			<oreDict>gemDiamond</oreDict>
		</input>
		<output>
			<itemStack>techguns:t3_exo_boots</itemStack>
		</output>
	</Recipe>
	<Recipe timeRequired="100" power ="10">
		<input>
			<itemStack>techguns:t2_beret</itemStack>
			<oreDict>gemDiamond</oreDict>
		</input>
		<output>
			<itemStack>techguns:t2_beret</itemStack>
		</output>
	</Recipe>
	<Recipe timeRequired="100" power ="10">
		<input>
			<itemStack>quark:witch_hat</itemStack>
			<oreDict>gemDiamond</oreDict>
		</input>
		<output>
			<itemStack>quark:witch_hat</itemStack>
		</output>
	</Recipe>
	<Recipe timeRequired="100" power ="10">
		<input>
			<itemStack>quark:pirate_hat</itemStack>
			<oreDict>gemDiamond</oreDict>
		</input>
		<output>
			<itemStack>quark:pirate_hat</itemStack>
		</output>
	</Recipe>
	<Recipe timeRequired="100" power ="10">
		<input>
			<itemStack>factorytech:hardhat</itemStack>
			<oreDict>gemDiamond</oreDict>
		</input>
		<output>
			<itemStack>factorytech:hardhat</itemStack>
		</output>
	</Recipe>
	<Recipe timeRequired="100" power ="10">
		<input>
			<itemStack>factorytech:safetyvest</itemStack>
			<oreDict>gemDiamond</oreDict>
			<itemStack>advancedrocketry:pressuretank 1 3</itemStack>
		</input>
		<output>
			<itemStack>factorytech:safetyvest</itemStack>
		</output>
	</Recipe>
	<Recipe timeRequired="100" power ="10">
		<input>
			<itemStack>factorytech:workpants</itemStack>
			<oreDict>gemDiamond</oreDict>
		</input>
		<output>
			<itemStack>factorytech:workpants</itemStack>
		</output>
	</Recipe>
	<Recipe timeRequired="100" power ="10">
		<input>
			<itemStack>factorytech:steeltoeboots</itemStack>
			<oreDict>gemDiamond</oreDict>
		</input>
		<output>
			<itemStack>factorytech:steeltoeboots</itemStack>
		</output>
	</Recipe>
</Recipes>